<s:Envelope xmlns:s="http://www.w3.org/2003/05/soap-envelope" xmlns:a="http://www.w3.org/2005/08/addressing" xmlns:u="http://docs.oasis-open.org/wss/2004/01/oasis-200401-wss-wssecurity-utility-1.0.xsd">
  <s:Header>
    <a:Action s:mustUnderstand="1">http://schemas.xmlsoap.org/ws/2005/02/trust/RST/Issue</a:Action>
    <a:MessageID>urn:uuid:{guid}</a:MessageID>
    <a:ReplyTo><a:Address>http://www.w3.org/2005/08/addressing/anonymous</a:Address></a:ReplyTo>
    <a:To s:mustUnderstand="1">{toUrl}</a:To>
    <o:Security s:mustUnderstand="1" xmlns:o="http://docs.oasis-open.org/wss/2004/01/oasis-200401-wss-wssecurity-secext-1.0.xsd">
      <u:Timestamp u:Id="_0">
        <u:Created>{utcNow}</u:Created>
        <u:Expires>{utcNow}</u:Expires>
      </u:Timestamp>
      <o:UsernameToken u:Id="uuid-5942b340-ddbb-4909-b307-32950e45485d-1">
        <o:Username>{userName}</o:Username>
        <o:Password Type="http://docs.oasis-open.org/wss/2004/01/oasis-200401-wss-username-token-profile-1.0#PasswordText">{password}</o:Password>
      </o:UsernameToken>
    </o:Security>
  </s:Header>
  <s:Body>
    <t:RequestSecurityToken xmlns:t="http://schemas.xmlsoap.org/ws/2005/02/trust">
      <wsp:AppliesTo xmlns:wsp="http://schemas.xmlsoap.org/ws/2004/09/policy">
        <a:EndpointReference>
          <a:Address>{signinUri}</a:Address>
        </a:EndpointReference>
      </wsp:AppliesTo>
      <t:KeyType>http://schemas.xmlsoap.org/ws/2005/05/identity/NoProofKey</t:KeyType>
      <t:RequestType>http://schemas.xmlsoap.org/ws/2005/02/trust/Issue</t:RequestType>
      <t:TokenType>urn:oasis:names:tc:SAML:1.0:assertion</t:TokenType>
    </t:RequestSecurityToken>
  </s:Body>
</s:Envelope>